Date;Titre;user;bot
2024-06-20 13:06:34;code;fais moi un code hello world en javafinalement en python ;" Bien sûr ! Voici le code Hello World en Java :

```java
public class HelloWorld {
    public static void main(String[] args) {
        System.out.println(""Hello, World!"");
    }
}
```

Pour utiliser ce code, vous devez suivre ces étapes :

1. Créez un fichier nommé `HelloWorld.java`.
2. Copiez le code ci-dessus dans le fichier `HelloWorld.java`.
3. Ouvrez un terminal ou une invite de commandes.
4. Naviguez jusqu'au répertoire où vous avez sauvé le fichier `HelloWorld.java`.
5. Exécutez la commande suivante pour compiler le fichier :

```bash
javac HelloWorld.java
```
6. Une fois le fichier compilé, exécutez la commande suivante pour exécuter le programme :

```bash
java HelloWorld
```
7. Le message ""Hello, World!"" devrait être affiché dans la console.

N'oubliez pas que vous devez disposer de Java installé sur votre système pour exécuter ce code avec succès. Je peux vous donner le code ""Hello World"" en Python également. Voici le code :

```python
print(""Hello, World!"")
```

Pour exécuter ce code, vous pouvez simplement copier et coller cette ligne dans un fichier nommé `hello_world.py`, puis ouvrez un terminal ou une invite de commandes, naviguez jusqu'au répertoire où vous avez sauvé le fichier `hello_world.py` et exécutez la commande suivante pour lancer le programme :

```bash
python hello_world.py
```

Le message ""Hello, World!"" devrait être affiché dans la console."
2024-06-20 13:31:21;codeSuite;peux tu me rapeller le code ?;" Bien sûr ! Voici les codes pour ""Hello World"" en Java et Python que j'ai mentionné précédemment :

Java :
```java
public class HelloWorld {
    public static void main(String[] args) {
        System.out.println(""Hello, World!"");
    }
}
```
Pour utiliser ce code en Java, suivez ces étapes :
1. Créez un fichier nommé `HelloWorld.java`.
2. Copiez le code ci-dessus dans le fichier `HelloWorld.java`.
3. Ouvrez un terminal ou une invite de commandes.
4. Naviguez jusqu'au répertoire où vous avez sauvé le fichier `HelloWorld.java`.
5. Exécutez la commande suivante pour compiler le fichier :
```bash
javac HelloWorld.java
```
6. Une fois le fichier compilé, exécutez la commande suivante pour exécuter le programme :
```bash
java HelloWorld
```
7. Le message ""Hello, World!"" devrait être affiché dans la console.

Python :
```python
print(""Hello, World!"")
```
Pour exécuter ce code en Python, suivez ces étapes :
1. Copiez le code ci-dessus dans un fichier texte.
2. Enregistrez le fichier avec un nom, par exemple `hello_world.py`.
3. Ouvrez un terminal ou une invite de commandes, naviguez jusqu'au répertoire où vous avez enregistré le fichier `hello_world.py`.
4. Exécutez la commande suivante pour lancer le programme :
```bash
python hello_world.py
```
Le message ""Hello, World!"" devrait être affiché dans la console."
2024-06-20 13:31:22;codeSuite;peux tu me rapeller le code ?;" Bien sûr ! Voici les codes pour ""Hello World"" en Java et Python que j'ai mentionné précédemment :

Java :
```java
public class HelloWorld {
    public static void main(String[] args) {
        System.out.println(""Hello, World!"");
    }
}
```
Pour utiliser ce code en Java, suivez ces étapes :
1. Créez un fichier nommé `HelloWorld.java`.
2. Copiez le code ci-dessus dans le fichier `HelloWorld.java`.
3. Ouvrez un terminal ou une invite de commandes.
4. Naviguez jusqu'au répertoire où vous avez sauvé le fichier `HelloWorld.java`.
5. Exécutez la commande suivante pour compiler le fichier :
```bash
javac HelloWorld.java
```
6. Une fois le fichier compilé, exécutez la commande suivante pour exécuter le programme :
```bash
java HelloWorld
```
7. Le message ""Hello, World!"" devrait être affiché dans la console.

Python :
```python
print(""Hello, World!"")
```
Pour exécuter ce code en Python, suivez ces étapes :
1. Copiez le code ci-dessus dans un fichier texte.
2. Enregistrez le fichier avec un nom, par exemple `hello_world.py`.
3. Ouvrez un terminal ou une invite de commandes, naviguez jusqu'au répertoire où vous avez enregistré le fichier `hello_world.py`.
4. Exécutez la commande suivante pour lancer le programme :
```bash
python hello_world.py
```
Le message ""Hello, World!"" devrait être affiché dans la console."
